12/07/2021    26/06/2021
81082011,Arroyo Gordillo Maria Heli,BB35881
15129661,Wong Martel Madeleine,PL70268
65071478,Mejia Diaz Blanca Milagros,QO90975
23636303,Piscoya Bravo Cesar Bruno,BB35881
45834351,Velasquez Huayanay Edgard Henry,FY82455
37751890,Shirakawa Miranda Madeleine,UW23132
74295562,Bolanos Fuentes Jorge,QV96140
65071478,Mejia Diaz Blanca Milagros,LM05731
63602514,Auris Zimic Javier Daniel,QA53897
70385303,Velasquez Cano Fernando,ZM20053
37067112,Fernandez Ortega Elizabeth Elizabeth,FW74175
63602514,Auris Zimic Javier Daniel,JO84937
63602514,Auris Zimic Javier Daniel,MG75057
99666105,Justino Forzani Ericka Victoria,QV96140
37500242,Vasquez Paz Alex Martin,OT07742
11750801,Shirakawa Ortega Angel,ZQ38637
67517268,Gordillo Castro Ronal,QE47018
69561370,Zevallos Prado Ricardo,FY25192
70848926,Minaya Vizcarra Juvenal,TA81777
74228820,Patino Fuentes Milagros Mariella,IW10872
92240876,Vega Garcia Janet Rebeca,QO90975
87804471,Cerna Durand Martin,PT00038
26916299,Diaz Antezano Magali Silvana,KC34197
37067112,Fernandez Ortega Elizabeth Elizabeth,UW23132
50860318,Prado Vergel Carlos Julian,FY25192
81082011,Arroyo Gordillo Maria Heli,QA53897
11750801,Shirakawa Ortega Angel,BH96036
15129661,Wong Martel Madeleine,FW74175
61896832,Zavaleta Lopez Karin Virginia,UW23132
75876413,Quispe Berrocal Antonio Alvaro,FW74175
68953100,Rivero Rett Rony Antonio,QA53897
96056368,Pasquel Quio Surami Janet,ZQ38637
26916299,Diaz Antezano Magali Silvana,TA81777
11750801,Shirakawa Ortega Angel,OT07742
54393647,Norabuena Preciado Cinthia,TA81777
76881195,Sanchez De La Cuba Natalia Estefania,SK15788
92511513,Villa Yallico Tatiana Nancy,XN48844
59447743,Palomares Guevara Karina,MG75057
71654827,Saona Arias Alberto,ZQ38637
72832218,Corrales Tsukazan Irma Lourdes,SV17719
45834351,Velasquez Huayanay Edgard Henry,FW74175
87804471,Cerna Durand Martin,SK15788
61039260,Mejia De La Haza Francisco Edgar,PL70268
45834351,Velasquez Huayanay Edgard Henry,KW25071
79057834,Cerna Hijar Jose Rolando,JO84937
37067112,Fernandez Ortega Elizabeth Elizabeth,KW25071
63602514,Auris Zimic Javier Daniel,BB35881
79057834,Cerna Hijar Jose Rolando,QE47018
14268463,Raffo Chung Adria Gloria,QO90975
87804471,Cerna Durand Martin,NF53199
45834351,Velasquez Huayanay Edgard Henry,OT07742
80026981,Prado Falcon Edgar Richard,QA53897
54393647,Norabuena Preciado Cinthia,FW74175
49516360,Delgado Gonzales Guillermo Alfonso,OC73472
83265244,Pairazaman Alamo Moises Miguel,ZR63735
99666105,Justino Forzani Ericka Victoria,PT00038
14268463,Raffo Chung Adria Gloria,BH96036
99666105,Justino Forzani Ericka Victoria,OT07742
80026981,Prado Falcon Edgar Richard,SK15788
67776822,Iberos Zambrano Gonzalo,OT07742
54393647,Norabuena Preciado Cinthia,MG75057
26916299,Diaz Antezano Magali Silvana,QE47018
50860318,Prado Vergel Carlos Julian,TA81777
11750801,Shirakawa Ortega Angel,IW10872
72832218,Corrales Tsukazan Irma Lourdes,QE47018
15129661,Wong Martel Madeleine,XQ03477
96056368,Pasquel Quio Surami Janet,UW23132
23636303,Piscoya Bravo Cesar Bruno,SK15788
15129661,Wong Martel Madeleine,SV17719
61212473,Castro Suarez Rolando,IW10872
68771233,Cortes Calixto Rosario,QO90975
45834351,Velasquez Huayanay Edgard Henry,QO90975
92511513,Villa Yallico Tatiana Nancy,BH96036
92240876,Vega Garcia Janet Rebeca,BB35881
81082011,Arroyo Gordillo Maria Heli,OT07742
81082011,Arroyo Gordillo Maria Heli,ZQ38637
49516360,Delgado Gonzales Guillermo Alfonso,FW74175
14268463,Raffo Chung Adria Gloria,PL70268
72832218,Corrales Tsukazan Irma Lourdes,OT07742
37067112,Fernandez Ortega Elizabeth Elizabeth,NF53199
92511513,Villa Yallico Tatiana Nancy,SA04133
11750801,Shirakawa Ortega Angel,XQ03477
92240876,Vega Garcia Janet Rebeca,XN48844
37751890,Shirakawa Miranda Madeleine,SA04133
66152145,Salas Aguero Daniel,BB35881
35030611,Inga Flores Cesar Adolfo,UW23132
72832218,Corrales Tsukazan Irma Lourdes,TA81777
35030611,Inga Flores Cesar Adolfo,VA35843
17750908,Hernandez Barrios Emilio,BH96036
33958767,Aquino Toro Valentina Rocio,ZM20053
87804471,Cerna Durand Martin,QA53897
15129661,Wong Martel Madeleine,QV96140
63602514,Auris Zimic Javier Daniel,NF53199
92240876,Vega Garcia Janet Rebeca,KC34197
83265244,Pairazaman Alamo Moises Miguel,SA04133
15547710,Maldonado Ramirez Silvana,QE47018
92240876,Vega Garcia Janet Rebeca,PT00038
61039260,Mejia De La Haza Francisco Edgar,JO84937
37500242,Vasquez Paz Alex Martin,FY82455
37751890,Shirakawa Miranda Madeleine,ZM20053
23636303,Piscoya Bravo Cesar Bruno,QV96140
65391725,Vizcardo Mori Lucero Zkenia,KC34197
61039260,Mejia De La Haza Francisco Edgar,UW23132
11750801,Shirakawa Ortega Angel,UW23132
56659269,Vega Saenz Alexander Richard,BH96036
61212473,Castro Suarez Rolando,PL70268
23636303,Piscoya Bravo Cesar Bruno,SV17719
87804471,Cerna Durand Martin,SA04133
61039260,Mejia De La Haza Francisco Edgar,QV96140
71486298,Mori Zavaleta Luz Lourdes,XN48844
65261145,Chavez Caro Yvonne,FY82455
26916299,Diaz Antezano Magali Silvana,XN48844
37751890,Shirakawa Miranda Madeleine,QO90975
92240876,Vega Garcia Janet Rebeca,ZM20053
66152145,Salas Aguero Daniel,ZK87496
92511513,Villa Yallico Tatiana Nancy,XQ03477
26916299,Diaz Antezano Magali Silvana,KW25071
37751890,Shirakawa Miranda Madeleine,KC34197
72832218,Corrales Tsukazan Irma Lourdes,FY25192
63602514,Auris Zimic Javier Daniel,BH96036
60400673,Florencio Lam Paul Ronald,BB35881
14268463,Raffo Chung Adria Gloria,FY82455
54393647,Norabuena Preciado Cinthia,BB35881
99666105,Justino Forzani Ericka Victoria,XN48844
15547710,Maldonado Ramirez Silvana,KC34197
17750908,Hernandez Barrios Emilio,XW06135
79057834,Cerna Hijar Jose Rolando,QO90975
79057834,Cerna Hijar Jose Rolando,NF53199
72289920,Correa Aguirre Moises,NF53199
61039260,Mejia De La Haza Francisco Edgar,IW10872
33958767,Aquino Toro Valentina Rocio,SA04133
64682847,Cortez Leiva Surami Silvia,SA04133
57763613,Diaz Sedano Yvonne,PL70268
