<?xml version="1.0" encoding="UTF-8"?>
<project-private xmlns="http://www.netbeans.org/ns/project-private/1">
    <data xmlns="http://www.netbeans.org/ns/make-project-private/1">
        <activeConfTypeElem>1</activeConfTypeElem>
        <activeConfIndexElem>0</activeConfIndexElem>
    </data>
    <editor-bookmarks xmlns="http://www.netbeans.org/ns/editor-bookmarks/2" lastBookmarkId="0"/>
    <open-files xmlns="http://www.netbeans.org/ns/projectui-open-files/2">
        <group>
            <file>file:/D:/PUCP/Algoritmia/2022-1/Ejercicios/Listas,%20Pilas%20y%20Colas/FabPizaa/funcion.h</file>
            <file>file:/D:/PUCP/Algoritmia/2022-1/Ejercicios/Listas,%20Pilas%20y%20Colas/FabPizaa/main.c</file>
            <file>file:/D:/PUCP/Algoritmia/2022-1/Ejercicios/Listas,%20Pilas%20y%20Colas/FabPizaa/funcion.c</file>
            <file>file:/D:/PUCP/Algoritmia/2022-1/Ejercicios/Listas,%20Pilas%20y%20Colas/FabPizaa/lse.h</file>
            <file>file:/D:/PUCP/Algoritmia/2022-1/Ejercicios/Listas,%20Pilas%20y%20Colas/FabPizaa/lse.c</file>
        </group>
    </open-files>
</project-private>
