<?xml version="1.0" encoding="UTF-8"?>
<configurationDescriptor version="100">
  <logicalFolder name="root" displayName="root" projectFiles="true" kind="ROOT">
    <logicalFolder name="HeaderFiles"
                   displayName="Header Files"
                   projectFiles="true">
      <itemPath>G:/Mi unidad/PUCP/Programacion2/Ejemplos/semana 03/ArrayVenta/funciones.h</itemPath>
    </logicalFolder>
    <logicalFolder name="ResourceFiles"
                   displayName="Resource Files"
                   projectFiles="true">
    </logicalFolder>
    <logicalFolder name="SourceFiles"
                   displayName="Source Files"
                   projectFiles="true">
      <itemPath>main.cpp</itemPath>
    </logicalFolder>
    <logicalFolder name="TestFiles"
                   displayName="Test Files"
                   projectFiles="false"
                   kind="TEST_LOGICAL_FOLDER">
    </logicalFolder>
    <logicalFolder name="ExternalFiles"
                   displayName="Important Files"
                   projectFiles="false"
                   kind="IMPORTANT_FILES_FOLDER">
      <itemPath>Makefile</itemPath>
    </logicalFolder>
    <itemPath>G:/Mi unidad/PUCP/Programacion2/Ejemplos/semana 03/ArrayVenta/Pedidos.csv</itemPath>
    <itemPath>G:/Mi unidad/PUCP/Programacion2/Ejemplos/semana 03/ArrayVenta/Productos.csv</itemPath>
  </logicalFolder>
  <sourceRootList>
    <Elem>G:\Mi unidad\PUCP\Programacion2\Ejemplos\semana 03\ArrayVenta</Elem>
  </sourceRootList>
  <projectmakefile>Makefile</projectmakefile>
  <confs>
    <conf name="Debug" type="1">
      <toolsSet>
        <compilerSet>default</compilerSet>
        <dependencyChecking>true</dependencyChecking>
        <rebuildPropChanged>false</rebuildPropChanged>
      </toolsSet>
      <compileType>
      </compileType>
      <item path="G:/Mi unidad/PUCP/Programacion2/Ejemplos/semana 03/ArrayVenta/Pedidos.csv"
            ex="false"
            tool="3"
            flavor2="0">
      </item>
      <item path="G:/Mi unidad/PUCP/Programacion2/Ejemplos/semana 03/ArrayVenta/Productos.csv"
            ex="false"
            tool="3"
            flavor2="0">
      </item>
      <item path="G:/Mi unidad/PUCP/Programacion2/Ejemplos/semana 03/ArrayVenta/funciones.h"
            ex="false"
            tool="3"
            flavor2="0">
      </item>
      <item path="main.cpp" ex="false" tool="1" flavor2="0">
      </item>
    </conf>
    <conf name="Release" type="1">
      <toolsSet>
        <compilerSet>default</compilerSet>
        <dependencyChecking>true</dependencyChecking>
        <rebuildPropChanged>false</rebuildPropChanged>
      </toolsSet>
      <compileType>
        <cTool>
          <developmentMode>5</developmentMode>
        </cTool>
        <ccTool>
          <developmentMode>5</developmentMode>
        </ccTool>
        <fortranCompilerTool>
          <developmentMode>5</developmentMode>
        </fortranCompilerTool>
        <asmTool>
          <developmentMode>5</developmentMode>
        </asmTool>
      </compileType>
      <item path="G:/Mi unidad/PUCP/Programacion2/Ejemplos/semana 03/ArrayVenta/Pedidos.csv"
            ex="false"
            tool="3"
            flavor2="0">
      </item>
      <item path="G:/Mi unidad/PUCP/Programacion2/Ejemplos/semana 03/ArrayVenta/Productos.csv"
            ex="false"
            tool="3"
            flavor2="0">
      </item>
      <item path="G:/Mi unidad/PUCP/Programacion2/Ejemplos/semana 03/ArrayVenta/funciones.h"
            ex="false"
            tool="3"
            flavor2="0">
      </item>
      <item path="main.cpp" ex="false" tool="1" flavor2="0">
      </item>
    </conf>
  </confs>
</configurationDescriptor>
