BZ-0138,Gustavo Alonso Del Castillo Mejia
SS-8708,Wilmer  Saenz Aranda
FB-0158,Miguel  Calixto Torres
PW-9213,Delia  Zarate Urbina
KX-5448,Carmen  Zamora Cabrera
FL-0367,Delia Estefania Cabrera Moreno
WI-0907,Fiorella Erika Florencio Polo
VU-0612,Zkenia Irma Chung Zuniga
DS-4787,Walter  Jolay Chumpitaz
WJ-9777,Rosario  Tabori Arias
IW-0279,Cesar Jaime Rodriguez Serrano
HZ-0118,Julio  Vilcara Jugo
IA-0562,Humberto Alfonso Amezquita Contreras
TC-0557,Jaime Julian Shirakawa Florian
UR-1509,Raul  Collado Villa
YS-0040,David Carlos Perez Antezano
WH-0233,Cinthia Milena Zegarra Cabello
OC-7842,Delicia  Norabuena Zegarra
AF-3687,Blanca Luz Acuna Ayllon
IK-3556,Valentina Paula Urbina Antezano
YR-8262,Emilio Emigdio Gonzales Aguirre
MQ-7769,Edilberto Jesus Mori Suarez
WC-0049,Humberto Alberto Vargas Guevara
LA-0454,Janet Cinthia Aranda Minaya
YF-1592,Luz Sofia Jauregui Bravo
VB-0184,Surami Heli Preciado Pinto
NF-0082,Alfonso Waldemar Cabello Lam
GW-4596,Victor Edgar Garcia Astete
IV-0934,Ofelia Carmen Mercado Caro
ZF-0269,Delicia  Arca Aquino
WC-0798,Giovana  Mejia Zegarra
LV-2063,Milena Cinthia Zarate Acuna
HM-0189,Francisco  Zimic Salas
VC-4115,Miguel Alex Landeo Estrada
EA-0929,Delicia Rosa Arca Leiva
GF-0444,Yliana Flor Ortiz Guevara
IX-6733,Johan Enrique Ayala Zevallos
BR-0384,Felicita Erika Del Castillo Chung
WS-0789,Victoria Milagros Shirakawa Saona
NL-0227,Teresa Teresa Martel Mercado
NG-9768,Marina Natalia Garcia Inga
RI-0786,Rosario Maribel Yep Zavaleta
YZ-0611,Edgar  Munoz Vergel
AC-0992,Ofelia Beatriz Montero Bolanos
KD-4655,Glenda  Cabrera Mori
XH-0354,Javier Edgard Landa Cabrera
FM-0063,Victoria Fiorella Cuba Pomajambo
FL-9313,Alexander  Portugal Raffo
