<?xml version="1.0" encoding="UTF-8"?>
<project-private xmlns="http://www.netbeans.org/ns/project-private/1">
    <data xmlns="http://www.netbeans.org/ns/make-project-private/1">
        <activeConfTypeElem>1</activeConfTypeElem>
        <activeConfIndexElem>0</activeConfIndexElem>
    </data>
    <editor-bookmarks xmlns="http://www.netbeans.org/ns/editor-bookmarks/2" lastBookmarkId="0"/>
    <open-files xmlns="http://www.netbeans.org/ns/projectui-open-files/2">
        <group>
            <file>file:/C:/Users/mell1/OneDrive/Escritorio/DOCUMENTOS%20PUCP/PUCP/CURSOS%20PUCP/GITHUB/P2/6.%20Polimorfismo/L10_23.1_ARBOL/Arbol.cpp</file>
            <file>file:/C:/Users/mell1/OneDrive/Escritorio/DOCUMENTOS%20PUCP/PUCP/CURSOS%20PUCP/GITHUB/P2/6.%20Polimorfismo/L10_23.1_ARBOL/Escala.h</file>
            <file>file:/C:/Users/mell1/OneDrive/Escritorio/DOCUMENTOS%20PUCP/PUCP/CURSOS%20PUCP/GITHUB/P2/6.%20Polimorfismo/L10_23.1_ARBOL/Presencial.h</file>
            <file>file:/C:/Users/mell1/OneDrive/Escritorio/DOCUMENTOS%20PUCP/PUCP/CURSOS%20PUCP/GITHUB/P2/6.%20Polimorfismo/L10_23.1_ARBOL/main.cpp</file>
            <file>file:/C:/Users/mell1/OneDrive/Escritorio/DOCUMENTOS%20PUCP/PUCP/CURSOS%20PUCP/GITHUB/P2/6.%20Polimorfismo/L10_23.1_ARBOL/Boleta.h</file>
            <file>file:/C:/Users/mell1/OneDrive/Escritorio/DOCUMENTOS%20PUCP/PUCP/CURSOS%20PUCP/GITHUB/P2/6.%20Polimorfismo/L10_23.1_ARBOL/Boleta.cpp</file>
            <file>file:/C:/Users/mell1/OneDrive/Escritorio/DOCUMENTOS%20PUCP/PUCP/CURSOS%20PUCP/GITHUB/P2/6.%20Polimorfismo/L10_23.1_ARBOL/Presencial.cpp</file>
            <file>file:/C:/Users/mell1/OneDrive/Escritorio/DOCUMENTOS%20PUCP/PUCP/CURSOS%20PUCP/GITHUB/P2/6.%20Polimorfismo/L10_23.1_ARBOL/Semipresencial.cpp</file>
            <file>file:/C:/Users/mell1/OneDrive/Escritorio/DOCUMENTOS%20PUCP/PUCP/CURSOS%20PUCP/GITHUB/P2/6.%20Polimorfismo/L10_23.1_ARBOL/Alumno.cpp</file>
            <file>file:/C:/Users/mell1/OneDrive/Escritorio/DOCUMENTOS%20PUCP/PUCP/CURSOS%20PUCP/GITHUB/P2/6.%20Polimorfismo/L10_23.1_ARBOL/Tesoreria.cpp</file>
            <file>file:/C:/Users/mell1/OneDrive/Escritorio/DOCUMENTOS%20PUCP/PUCP/CURSOS%20PUCP/GITHUB/P2/6.%20Polimorfismo/L10_23.1_ARBOL/Virtual.cpp</file>
            <file>file:/C:/Users/mell1/OneDrive/Escritorio/DOCUMENTOS%20PUCP/PUCP/CURSOS%20PUCP/GITHUB/P2/6.%20Polimorfismo/L10_23.1_ARBOL/Escala.cpp</file>
            <file>file:/C:/Users/mell1/OneDrive/Escritorio/DOCUMENTOS%20PUCP/PUCP/CURSOS%20PUCP/GITHUB/P2/6.%20Polimorfismo/L10_23.1_ARBOL/Nodo.h</file>
        </group>
    </open-files>
</project-private>
