<?xml version="1.0" encoding="UTF-8"?>
<project-private xmlns="http://www.netbeans.org/ns/project-private/1">
    <data xmlns="http://www.netbeans.org/ns/make-project-private/1">
        <activeConfTypeElem>1</activeConfTypeElem>
        <activeConfIndexElem>0</activeConfIndexElem>
    </data>
    <editor-bookmarks xmlns="http://www.netbeans.org/ns/editor-bookmarks/2" lastBookmarkId="0"/>
    <open-files xmlns="http://www.netbeans.org/ns/projectui-open-files/2">
        <group>
            <file>file:/C:/Users/Jeremy%20Lopez%20Galindo/2023-2/LP1/Examen%20Final/V2_Prac_2023_1/Pregunta1_A/AlumnoNotas.h</file>
            <file>file:/C:/Users/Jeremy%20Lopez%20Galindo/2023-2/LP1/Examen%20Final/V2_Prac_2023_1/Pregunta1_A/ListaDoble.h</file>
            <file>file:/C:/Users/Jeremy%20Lopez%20Galindo/2023-2/LP1/Examen%20Final/V2_Prac_2023_1/Pregunta1_A/main.cpp</file>
            <file>file:/C:/Users/Jeremy%20Lopez%20Galindo/2023-2/LP1/Examen%20Final/V2_Prac_2023_1/Pregunta1_A/ListaDoble.cpp</file>
            <file>file:/C:/Users/Jeremy%20Lopez%20Galindo/2023-2/LP1/Examen%20Final/V2_Prac_2023_1/Pregunta1_A/Facultad.h</file>
            <file>file:/C:/Users/Jeremy%20Lopez%20Galindo/2023-2/LP1/Examen%20Final/V2_Prac_2023_1/Pregunta1_A/Nodo.h</file>
            <file>file:/C:/Users/Jeremy%20Lopez%20Galindo/2023-2/LP1/Examen%20Final/V2_Prac_2023_1/Pregunta1_A/Nota.cpp</file>
            <file>file:/C:/Users/Jeremy%20Lopez%20Galindo/2023-2/LP1/Examen%20Final/V2_Prac_2023_1/Pregunta1_A/Alumno.h</file>
            <file>file:/C:/Users/Jeremy%20Lopez%20Galindo/2023-2/LP1/Examen%20Final/V2_Prac_2023_1/Pregunta1_A/Librerias.h</file>
            <file>file:/C:/Users/Jeremy%20Lopez%20Galindo/2023-2/LP1/Examen%20Final/V2_Prac_2023_1/Pregunta1_A/Nota.h</file>
            <file>file:/C:/Users/Jeremy%20Lopez%20Galindo/2023-2/LP1/Examen%20Final/V2_Prac_2023_1/Pregunta1_A/Nodo.cpp</file>
            <file>file:/C:/Users/Jeremy%20Lopez%20Galindo/2023-2/LP1/Examen%20Final/V2_Prac_2023_1/Pregunta1_A/Facultad.cpp</file>
            <file>file:/C:/Users/Jeremy%20Lopez%20Galindo/2023-2/LP1/Examen%20Final/V2_Prac_2023_1/Pregunta1_A/Alumno.cpp</file>
            <file>file:/C:/Users/Jeremy%20Lopez%20Galindo/2023-2/LP1/Examen%20Final/V2_Prac_2023_1/Pregunta1_A/AlumnoNotas.cpp</file>
        </group>
    </open-files>
</project-private>
