34460612,CRY6839
34460612,VYG3594
37751890,KWL0415
37751890,IMK4892
69200503,CPE5718
69200503,KGO1734
69200503,ILG7766
36699613,SMW0186
36699613,SBU9053
51235238,ZAL2738
60740809,XTM9385
60740809,VSG3432
54393647,SPM4763
33583840,KSX7995
33583840,WPU8819
69200503,IUG2294
33583840,JJV7549
33583840,JBR9372
27109544,WWT1581
27109544,OBD2849
27109544,CMP1150
27109544,HSE3213
65071478,RWW7975
38724322,RSK1164
60740809,CTW5846
72832218,HWM4049
72832218,MNL3677
72832218,VMW6915
47659552,QMI4747
47659552,IUI3314
47659552,NFP3266
47659552,QRH6838
69200503,DVL7760
69200503,UEJ1235
54393647,UCJ9882
38724322,HGN9910
38724322,HWM4049
11750801,KGO1734
11750801,CRY6839
11750801,HCT8192
66747161,EEJ4830
66747161,WYE2119
14268463,FYV9055
14268463,VFI8064
45834351,VFZ9435
45834351,BZY0235
45834351,TVR7016
17750908,QBL9575
17750908,DDQ0721
67066631,CST1133
67066631,KSX7995
67066631,DVR5984
20449598,NEW1762
20449598,WMN3648
11750801,VDL9379
32231860,DDQ0721
32231860,RWW7975
86898639,XIU2628
86898639,UEJ1235
47659552,XIU6076
47659552,VFI8064
92240876,BTX3816
92240876,DEK2757
65071478,FYV9055
65071478,QRH6838
66747161,KGO1734
20449598,MLC7198
15129661,JSM8271
69200503,JXK3142
69200503,IIM5175
45002711,DPZ8059
45002711,AKU9740
17750908,CKC4095
17750908,XJT3661
42302422,YZV6954
42302422,QKH2262
65830353,TOJ1764
65830353,EDQ0577
42302422,WPU8819
42302422,CTW5846
34460612,PQZ1316
34460612,XCC4070
46582367,IIM5175
46582367,MBQ9495
65830353,BZY0235
37751890,HGQ0131
37751890,RLQ7170
37751890,VMW6915
21344013,PCS8992
21344013,UXZ2187
21344013,BXE0974
21344013,JEN0751
96056368,GOG7446
96056368,JXK3142
96056368,HHR5161
86898639,DEK2757
86898639,FMX8255
86898639,CJN4376
33958767,CRY6839
33958767,RZX8790
67066631,JZC7527
45002711,KWL0415
33958767,LRV5687
33958767,XIU6076
33958767,JZC7527
11750801,WYE2119
72832218,SQB7146
72832218,IMK4892
69200503,ZQY9966
47659552,YJI3961
47659552,NBL8415
21344013,ZQD4253
21344013,USM9579
21344013,CKR6798
21344013,IMC3155
92240876,SMI7078
92240876,RZX8790
92240876,EWI3090
92240876,OCI8959
87804471,JXK3142
87804471,ZPD6557
15129661,WOF6634
15129661,RAO4129
15129661,QCA9584
81082011,CXW5879
81082011,KBF4088
83265244,WWT1581
83265244,EJE8138
34460612,SFR1226
34460612,GUN8655
15129661,FMX8255
14268463,BZY0235
14268463,PQZ1316
14268463,IFL0150
14268463,JNC0786
69200503,GKG6581
20610190,JZC7527
87804471,ELC8965
87804471,ZOY6470
81082011,JXK3142
81462164,EZP0333
81462164,CLG5566
27109544,FNM6936
27109544,ECT0289
27109544,WWT1581
69200503,WYE2119
69200503,UXZ2187
65830353,GWE4133
81082011,CRR5443
35030611,HRT0664
61212473,JGG5049
88080249,NEO9165
88080249,PZP7176
88080249,MEH2993
88080249,MBB0685
85870289,HPP3360
83265244,JZU0977
83265244,PQB0775
65830353,BDK4183
65830353,VSG3432
87804471,ICU6090
87804471,CXW5879
81462164,CMP1150
14500753,ALH8812
65830353,HPP3360
37751890,CRY6839
37751890,WGA2754
14500753,OQK1590
79743481,EJE8138
49516360,PQZ1316
65071478,IPE3429
65071478,MWB2923
11750801,KLV1872
37751890,FNM6936
87804471,RNG2321
14500753,JLQ6546
