<?xml version="1.0" encoding="UTF-8"?>
<project-private xmlns="http://www.netbeans.org/ns/project-private/1">
    <data xmlns="http://www.netbeans.org/ns/make-project-private/1">
        <activeConfTypeElem>1</activeConfTypeElem>
        <activeConfIndexElem>0</activeConfIndexElem>
    </data>
    <editor-bookmarks xmlns="http://www.netbeans.org/ns/editor-bookmarks/2" lastBookmarkId="0"/>
    <open-files xmlns="http://www.netbeans.org/ns/projectui-open-files/2">
        <group>
            <file>file:/D:/PUCP/LP1/2024-1/Objetos/STL/STL_Polimorfico/Categoria3.h</file>
            <file>file:/D:/PUCP/LP1/2024-1/Objetos/STL/STL_Polimorfico/Producto.cpp</file>
            <file>file:/D:/PUCP/LP1/2024-1/Objetos/STL/STL_Polimorfico/Categoria2.cpp</file>
            <file>file:/D:/PUCP/LP1/2024-1/Objetos/STL/STL_Polimorfico/Categoria1.h</file>
            <file>file:/D:/PUCP/LP1/2024-1/Objetos/STL/STL_Polimorfico/Programa.cpp</file>
            <file>file:/D:/PUCP/LP1/2024-1/Objetos/STL/STL_Polimorfico/Categoria2.h</file>
            <file>file:/D:/PUCP/LP1/2024-1/Objetos/STL/STL_Polimorfico/NProductos.h</file>
            <file>file:/D:/PUCP/LP1/2024-1/Objetos/STL/STL_Polimorfico/Categoria1.cpp</file>
            <file>file:/D:/PUCP/LP1/2024-1/Objetos/STL/STL_Polimorfico/main.cpp</file>
            <file>file:/D:/PUCP/LP1/2024-1/Objetos/STL/STL_Polimorfico/Programa.h</file>
            <file>file:/D:/PUCP/LP1/2024-1/Objetos/STL/STL_Polimorfico/Producto.h</file>
            <file>file:/D:/PUCP/LP1/2024-1/Objetos/STL/STL_Polimorfico/Categoria3.cpp</file>
            <file>file:/D:/PUCP/LP1/2024-1/Objetos/STL/STL_Polimorfico/NProductos.cpp</file>
        </group>
    </open-files>
</project-private>
