<?xml version="1.0" encoding="UTF-8"?>
<project-private xmlns="http://www.netbeans.org/ns/project-private/1">
    <data xmlns="http://www.netbeans.org/ns/make-project-private/1">
        <activeConfTypeElem>1</activeConfTypeElem>
        <activeConfIndexElem>0</activeConfIndexElem>
    </data>
    <editor-bookmarks xmlns="http://www.netbeans.org/ns/editor-bookmarks/2" lastBookmarkId="0"/>
    <open-files xmlns="http://www.netbeans.org/ns/projectui-open-files/2">
        <group>
            <file>file:/C:/Users/mell1/OneDrive/Escritorio/DOCUMENTOS%20PUCP/PUCP/CURSOS%20PUCP/GITHUB/P2/6.%20Polimorfismo/L9_23.1_POLIMORFISMO/Virtual.cpp</file>
            <file>file:/C:/Users/mell1/OneDrive/Escritorio/DOCUMENTOS%20PUCP/PUCP/CURSOS%20PUCP/GITHUB/P2/6.%20Polimorfismo/L9_23.1_POLIMORFISMO/Virtual.h</file>
            <file>file:/C:/Users/mell1/OneDrive/Escritorio/DOCUMENTOS%20PUCP/PUCP/CURSOS%20PUCP/GITHUB/P2/6.%20Polimorfismo/L9_23.1_POLIMORFISMO/Presencial.h</file>
            <file>file:/C:/Users/mell1/OneDrive/Escritorio/DOCUMENTOS%20PUCP/PUCP/CURSOS%20PUCP/GITHUB/P2/6.%20Polimorfismo/L9_23.1_POLIMORFISMO/alumnos.csv</file>
            <file>file:/C:/Users/mell1/OneDrive/Escritorio/DOCUMENTOS%20PUCP/PUCP/CURSOS%20PUCP/GITHUB/P2/6.%20Polimorfismo/L9_23.1_POLIMORFISMO/Boleta.h</file>
            <file>file:/C:/Users/mell1/OneDrive/Escritorio/DOCUMENTOS%20PUCP/PUCP/CURSOS%20PUCP/GITHUB/P2/6.%20Polimorfismo/L9_23.1_POLIMORFISMO/Alumno.cpp</file>
            <file>file:/C:/Users/mell1/OneDrive/Escritorio/DOCUMENTOS%20PUCP/PUCP/CURSOS%20PUCP/GITHUB/P2/6.%20Polimorfismo/L9_23.1_POLIMORFISMO/Presencial.cpp</file>
            <file>file:/C:/Users/mell1/OneDrive/Escritorio/DOCUMENTOS%20PUCP/PUCP/CURSOS%20PUCP/GITHUB/P2/6.%20Polimorfismo/L9_23.1_POLIMORFISMO/escalas.csv</file>
            <file>file:/C:/Users/mell1/OneDrive/Escritorio/DOCUMENTOS%20PUCP/PUCP/CURSOS%20PUCP/GITHUB/P2/6.%20Polimorfismo/L9_23.1_POLIMORFISMO/Semipresencial.cpp</file>
            <file>file:/C:/Users/mell1/OneDrive/Escritorio/DOCUMENTOS%20PUCP/PUCP/CURSOS%20PUCP/GITHUB/P2/6.%20Polimorfismo/L9_23.1_POLIMORFISMO/Boleta.cpp</file>
            <file>file:/C:/Users/mell1/OneDrive/Escritorio/DOCUMENTOS%20PUCP/PUCP/CURSOS%20PUCP/GITHUB/P2/6.%20Polimorfismo/L9_23.1_POLIMORFISMO/Tesoreria.cpp</file>
            <file>file:/C:/Users/mell1/OneDrive/Escritorio/DOCUMENTOS%20PUCP/PUCP/CURSOS%20PUCP/GITHUB/P2/6.%20Polimorfismo/L9_23.1_POLIMORFISMO/Utils.h</file>
            <file>file:/C:/Users/mell1/OneDrive/Escritorio/DOCUMENTOS%20PUCP/PUCP/CURSOS%20PUCP/GITHUB/P2/6.%20Polimorfismo/L9_23.1_POLIMORFISMO/Alumno.h</file>
            <file>file:/C:/Users/mell1/OneDrive/Escritorio/DOCUMENTOS%20PUCP/PUCP/CURSOS%20PUCP/GITHUB/P2/6.%20Polimorfismo/L9_23.1_POLIMORFISMO/main.cpp</file>
            <file>file:/C:/Users/mell1/OneDrive/Escritorio/DOCUMENTOS%20PUCP/PUCP/CURSOS%20PUCP/GITHUB/P2/6.%20Polimorfismo/L9_23.1_POLIMORFISMO/Semipresencial.h</file>
        </group>
    </open-files>
</project-private>
