<?xml version="1.0" encoding="UTF-8"?>
<project-private xmlns="http://www.netbeans.org/ns/project-private/1">
    <data xmlns="http://www.netbeans.org/ns/make-project-private/1">
        <activeConfTypeElem>1</activeConfTypeElem>
        <activeConfIndexElem>0</activeConfIndexElem>
    </data>
    <editor-bookmarks xmlns="http://www.netbeans.org/ns/editor-bookmarks/2" lastBookmarkId="0"/>
    <open-files xmlns="http://www.netbeans.org/ns/projectui-open-files/2">
        <group>
            <file>file:/C:/Users/gabri/Desktop/5to%20Ciclo/Algoritmia/Parcial/Pizzas/main.c</file>
            <file>file:/C:/Users/gabri/Desktop/5to%20Ciclo/Algoritmia/Parcial/Pizzas/colas.h</file>
            <file>file:/C:/Users/gabri/Desktop/5to%20Ciclo/Algoritmia/Parcial/Pizzas/lse.c</file>
            <file>file:/C:/Users/gabri/Desktop/5to%20Ciclo/Algoritmia/Parcial/Pizzas/pilas.c</file>
            <file>file:/C:/Users/gabri/Desktop/5to%20Ciclo/Algoritmia/Parcial/Pizzas/pilas.h</file>
            <file>file:/C:/Users/gabri/Desktop/5to%20Ciclo/Algoritmia/Parcial/Pizzas/lse.h</file>
            <file>file:/C:/Users/gabri/Desktop/5to%20Ciclo/Algoritmia/Parcial/Pizzas/colas.c</file>
        </group>
    </open-files>
</project-private>
