56916928,NICOLAS,ZUNIGA,RIVERO,5683.23
80061859,RICHARD HENRRY ALONSO,PRADO,LAURA,-6546.20
95034958,FERNANDO,FIGUEROA,CHAVEZ,17945.82
16567290,HENRRY MARTIN,SUELDO,EPIQUEN,-5893.29
15226739,ADRIA,FERNANDEZ,EPIQUEN,6068.81
18063291,ALONSO JESUS,FALCON,CUBA,5728.87
45351964,VICTORIA MARINA BLANCA,QUISPE,BERROCAL,7093.91
68367518,MELVIN EDGAR,ZAVALETA,QUIO,6621.65
66466160,YVONNE,MARTINEZ,AQUINO,6116.76
99243097,RAUL,ORTIZ,DURAND,37773.95
81196295,MARTHA LOURDES,BACA,CANALES,0.00
87343838,JAVIER,MIRANDA,RODRIGUEZ,15576.72
85544163,WILMER,SAAVEDRA,GONZALES,6010.47
49751038,JENNY INES,ARANDA,TORREALBA,5977.20
31935151,ENRIQUE,DIAZ,TANG,-5959.01
76816321,JULIO,CARBAJAL,MENDOZA,36844.61
25907410,AMARU,TORO,WONG,15677.73
13940253,MADELEINE,FIGUEROA,MEDINA,6427.73
83370227,RONALD JOHNNY,GAVIDIA,MENDOZA,-6646.64
59096628,SURAMI JANET CINTHIA,PASQUEL,QUIO,38287.54
45669280,EDRIC,AVILA,QUIROGA,16623.28
47478149,JAVIER JULIAN,LOYOLA,SINCHE,-7215.79
26314028,SURAMI YVONNE,VILCA,CONTRERAS,-2245.36
50884616,RENE FANNY,IPARRAGUIRRE,MIRANDA,6801.90
82380551,MILAGROS,PRADO,ESPINOZA,16961.15
29802998,BLANCA OFELIA,RODRIGUEZ,MORENO,-15281.92
13570540,MELVIN JAIR,VALVERDE,MAEIREIZO,-6646.39
85329880,MARINA,PRECIADO,CORTEZ,6209.01
95387769,HENRRY EMILIO,BARRIOS,SANCHEZ,6293.68
68852702,OFELIA MARIA,ZAMBRANO,MOSCOSO,-17600.35
56203179,ALEXANDER RICHARD,VEGA,SAENZ,7476.88
97730632,JUVENAL FRANCISCO EMILIO,PINTO,ROJAS,5576.19
93237506,SHIRLEY,ESPINOZA,CHANG,17494.70
69804565,ROBERTO,SERRANO,CHAVARRI,7086.39
77649386,TATIANA DELICIA,PAIRAZAMAN,RAFFO,2031.32
89580343,FELICITA VALENTINA,LOZADA,ARGUEDAS,36535.31
41547186,JULIAN EDGARD,RETAMOSO,VARGAS,6058.89
64809651,HELI,MINAYA,BERROCAL,6380.16
71847289,WALTER MANUEL ERICK,PAZ,ZEVALLOS,16902.15
88777135,MARTIN,HIJAR,LAM,5592.69
58128178,DIANA MARITZA,YOSHINARI,ARROYO,36992.95
99358244,CARMEN RENE,VERA,FORZANI,16510.27
30719323,ALEX MARTIN,VASQUEZ,PAZ,-44834.62
69092262,JAIME,TOKESHI,GUEVARA,6513.19
67787438,RONY,YEP,VALDERRAMA,44941.79
36086508,SILVIA VIRGINIA,SUELDO,BACA,0.00
19501071,BEATRIZ,WONG,MAEIREIZO,-6145.35
97779161,GUILLERMO,DELGADO,FLORIAN,-6466.38
42038626,ELOISA VIRGINIA,SUAREZ,ADAMS,2157.92
44606690,ROLANDO,SOLIS,CHUNG,36196.66
72686783,MARTHA VICTORIA,RIVERA,BOLANOS,-2249.53
18748123,ALONSO,FORZANI,CARO,7227.80
89909284,CHRISTIAN,FLORIAN,CUBA,-17640.91
86310821,MAGDA ZKENIA,CARBAJAL,SALAS,-44755.77
39948656,EDGAR MANUEL,AYALA,VIZCARDO,17272.68
13541419,ROSARIO,SAENZ,GUEVARA,7342.73
49861153,ROBERTO JAIME,MEJIA,ZAMORA,6129.64
14291541,WALTER RONY,RUIZ,ZEVALLOS,-38112.57
24512683,RAUL GUSTAVO,ZEVALLOS,FLORES,-15483.83
73811105,ANNIE OFELIA,ASMAD,ACUNA,15215.99
46689628,ERIKA,ESTRADA,FUENTES,6843.51
15649688,ALFONSO RAFAEL,LEIVA,ZEVALLOS,0.00
16987059,RONALD,ORTIZ,HUAYANAY,6582.55
82364171,GIOVANA RENE,ZAVALETA,ZAMORA,5716.36
18829448,EDRIC RONALD,ARCA,AMEZQUITA,0.00
16583692,LOURDES SILVIA,MAEIREIZO,VASQUEZ,-7182.11
19542431,ESTEFANIA MONICA,MONTERO,VALDERRAMA,6395.60
27702945,HUMBERTO HENRY,ADAMS,MORI,44873.33
81036704,ELOY,ARROYO,ZARATE,5590.55
93290876,EVERT ROBERTO,AMEZQUITA,EPIQUEN,16333.94
91471566,CESAR JOSE,GAMARRA,ORTEGA,5547.10
23229804,MELVIN HENRRY,LAURA,WONG,16576.69
38391946,MAGALI,MEDINA,MEREL,6739.84
50495188,MILAGROS NATALIA ISABEL,BACA,CAMACHO,7442.46
82961979,BEATRIZ ROSA,PATINO,CHUNG,44783.86
19390855,GUILLERMO ARTURO,ZUNIGA,YINO,2005.29
18454019,SHIRLEY,ZIMIC,PAREDES,-36614.36
49332000,ZKENIA EVELING,ZUNIGA,VILCARA,2176.33
11199943,FRANCISCO EDGAR,MEJIA,HAZA,-2109.60
