P9A-528,CASTILLO MEJIA GUSTAVO ALONSO,Ica,Arequipa,Moquegua,Tacna,10
H9R-580,SAENZ ARANDA WILMER,Junin,Pasco,Pucallpa,25
V1S-429,CALIXTO TORRES MIGUEL,Huanuco,Pucallpa,Yurimaguas,Iquitos,15
Z0V-608,ZARATE URBINA DELIA,Huaraz,Trujillo,Cajamarca,Chachapoyas,Tarapoto,22
Q8B-464,ZAMORA CABRERA CARMEN,Huaraz,Trujillo,Chiclayo,Piura,Sullana,Tumbes,25
M3H-482,CABRERA MORENO DELIA ESTEFANIA,Huacho,Pasco,25
G8Y-63,FLORENCIO POLO FIORELLA ERIKA,Ayacucho,Abancay,33
W0O-821,CHUNG ZUNIGA ZKENIA IRMA,Ayacucho,Abancay,Cuzco,Puno,24
Q6F-925,JOLAY CHUMPITAZ WALTER,Arequipa,Juliaca,Puno,20
G7Y-809,TABORI ARIAS ROSARIO,Arequipa,Cuzco,Puerto Maldonado,25
F1D-694,RODRIGUEZ SERRANO CESAR JAIME,Huancavelica,Ayacucho,19
I1X-633,VILCARA JUGO JULIO,Huancavelica,Pasco,Huanuco,Tingo Maria,20
H7K-813,AMEZQUITA CONTRERAS HUMBERTO ALFONSO MIGUEL,Huaraz,Huanuco,Moyobamaba,25
W4M-272,SHIRAKAWA FLORIAN JAIME JULIAN,Moquegua,Tacna,20
S0M-437,COLLADO VILLA GARCIA RAUL,Trujillo,Piura,Tumbes,27
U3G-207,PEREZ ANTEZANO DAVID CARLOS,Pisco,Ica,Nazca,20
W4X-437,ZEGARRA CABELLO CINTHIA MILENA,Chiclayo,Paita,Sullana,Talara,15
M9J-101,NORABUENA ZEGARRA DELICIA,Huacho,Cimbote,31
