9712345,Juan Avila Vega,27,2,2014,454
9784523,Maria Rivera Loayza,5,12,2010,567
9812345,Maria Rojas Perez,15,3,2010,567
9825123,Ronaldo Alegria Yllescas,3,5,2012,130
10348929,Justo Perez Sanchez,12,5,2005,123
12123812,Cesar Garcia anchez,2,3,2010,454
12341238,Ramiro Rosales Cardenas,14,8,2018,122
12388950,Carmen Rosas Castro,20,1,2009,122
12983740,Jose Rios Castillo,14,7,2003,315
45378097,Rosa Torres Villegas,28,9,2019,330
47892345,Raymundo Garcia Caceres,18,11,2012,454
52344891,Victoria Paredes Rios,7,10,2002,122
54238932,Blanca Ulises Fiore,12,9,2005,130
57854323,Salome Ayesta Ramirez,15,2,2020,123
78235235,Jorge Quiroz Amado,1,7,2013,432
78667499,Sonia Salas Flores,3,6,2018,454
78912345,Juan Vega Sanchez,29,7,2002,123
79831343,Pedro Rivera Flores,30,5,2001,454
90774123,Camilo Burgos Morales,30,1,2004,330
98752341,Hugo Flores Porles,13,3,2017,454
