<?xml version="1.0" encoding="UTF-8"?>
<project-private xmlns="http://www.netbeans.org/ns/project-private/1">
    <data xmlns="http://www.netbeans.org/ns/make-project-private/1">
        <activeConfTypeElem>1</activeConfTypeElem>
        <activeConfIndexElem>0</activeConfIndexElem>
    </data>
    <editor-bookmarks xmlns="http://www.netbeans.org/ns/editor-bookmarks/2" lastBookmarkId="0"/>
    <open-files xmlns="http://www.netbeans.org/ns/projectui-open-files/2">
        <group>
            <file>file:/C:/Users/Jeremy%20Lopez%20Galindo/2023-2/LP1/Examen%20Final/Prac-2022-2/Pregunta1/main.cpp</file>
            <file>file:/C:/Users/Jeremy%20Lopez%20Galindo/2023-2/LP1/Examen%20Final/Prac-2022-2/Pregunta1/Medicina.h</file>
            <file>file:/C:/Users/Jeremy%20Lopez%20Galindo/2023-2/LP1/Examen%20Final/Prac-2022-2/Pregunta1/Paciente_Medicina.h</file>
            <file>file:/C:/Users/Jeremy%20Lopez%20Galindo/2023-2/LP1/Examen%20Final/Prac-2022-2/Pregunta1/Paciente_Medicina.cpp</file>
            <file>file:/C:/Users/Jeremy%20Lopez%20Galindo/2023-2/LP1/Examen%20Final/Prac-2022-2/Pregunta1/Librerias.h</file>
            <file>file:/C:/Users/Jeremy%20Lopez%20Galindo/2023-2/LP1/Examen%20Final/Prac-2022-2/Pregunta1/ServicioDeSalud.h</file>
            <file>file:/C:/Users/Jeremy%20Lopez%20Galindo/2023-2/LP1/Examen%20Final/Prac-2022-2/Pregunta1/Paciente.h</file>
            <file>file:/C:/Users/Jeremy%20Lopez%20Galindo/2023-2/LP1/Examen%20Final/Prac-2022-2/Pregunta1/ServicioDeSalud.cpp</file>
            <file>file:/C:/Users/Jeremy%20Lopez%20Galindo/2023-2/LP1/Examen%20Final/Prac-2022-2/Pregunta1/Medicina_Cantidad.h</file>
            <file>file:/C:/Users/Jeremy%20Lopez%20Galindo/2023-2/LP1/Examen%20Final/Prac-2022-2/Pregunta1/Medicina_Cantidad.cpp</file>
        </group>
    </open-files>
</project-private>
