<?xml version="1.0" encoding="UTF-8"?>
<project-private xmlns="http://www.netbeans.org/ns/project-private/1">
    <data xmlns="http://www.netbeans.org/ns/make-project-private/1">
        <activeConfTypeElem>1</activeConfTypeElem>
        <activeConfIndexElem>0</activeConfIndexElem>
    </data>
    <editor-bookmarks xmlns="http://www.netbeans.org/ns/editor-bookmarks/2" lastBookmarkId="0"/>
    <open-files xmlns="http://www.netbeans.org/ns/projectui-open-files/2">
        <group>
            <file>file:/C:/Users/USER/Desktop/Ciclo%202024-1/PROG%202/Laboratorio%202%20del%202023-2-20240407/20200445_Santillan_Aaron_Lab02_2023_2/AsignacionDinamicaMemoriaExacta-2023-2/AsignacionDinamicaMemoriaExacta.cpp</file>
            <file>file:/C:/Users/USER/Desktop/Ciclo%202024-1/PROG%202/Laboratorio%202%20del%202023-2-20240407/20200445_Santillan_Aaron_Lab02_2023_2/AsignacionDinamicaMemoriaExacta-2023-2/main.cpp</file>
            <file>file:/C:/Users/USER/Desktop/Ciclo%202024-1/PROG%202/Laboratorio%202%20del%202023-2-20240407/20200445_Santillan_Aaron_Lab02_2023_2/AsignacionDinamicaMemoriaExacta-2023-2/AsignacionDinamicaMemoriaExacta.h</file>
        </group>
    </open-files>
</project-private>
