<?xml version="1.0" encoding="UTF-8"?>
<project-private xmlns="http://www.netbeans.org/ns/project-private/1">
    <data xmlns="http://www.netbeans.org/ns/make-project-private/1">
        <activeConfTypeElem>1</activeConfTypeElem>
        <activeConfIndexElem>0</activeConfIndexElem>
    </data>
    <editor-bookmarks xmlns="http://www.netbeans.org/ns/editor-bookmarks/2" lastBookmarkId="0"/>
    <open-files xmlns="http://www.netbeans.org/ns/projectui-open-files/2">
        <group>
            <file>file:/C:/Users/Patricia/OneDrive/2024-1/PROG2/Practicando/LAB6/LAB7-23-1/LAB06_PREG01_CLASES/Estante.h</file>
            <file>file:/C:/Users/Patricia/OneDrive/2024-1/PROG2/Practicando/LAB6/LAB7-23-1/LAB06_PREG01_CLASES/main.cpp</file>
            <file>file:/C:/Users/Patricia/OneDrive/2024-1/PROG2/Practicando/LAB6/LAB7-23-1/LAB06_PREG01_CLASES/Biblioteca.cpp</file>
            <file>file:/C:/Users/Patricia/OneDrive/2024-1/PROG2/Practicando/LAB6/LAB7-23-1/LAB06_PREG01_CLASES/Espacio.cpp</file>
            <file>file:/C:/Users/Patricia/OneDrive/2024-1/PROG2/Practicando/LAB6/LAB7-23-1/LAB06_PREG01_CLASES/Biblioteca.h</file>
            <file>file:/C:/Users/Patricia/OneDrive/2024-1/PROG2/Practicando/LAB6/LAB7-23-1/LAB06_PREG01_CLASES/Estante.cpp</file>
        </group>
    </open-files>
</project-private>
