<?xml version="1.0" encoding="UTF-8"?>
<configurationDescriptor version="100">
  <logicalFolder name="root" displayName="root" projectFiles="true" kind="ROOT">
    <logicalFolder name="HeaderFiles"
                   displayName="Header Files"
                   projectFiles="true">
      <itemPath>Camion.h</itemPath>
      <itemPath>Flota.h</itemPath>
      <itemPath>Furgon.h</itemPath>
      <itemPath>NPedido.h</itemPath>
      <itemPath>NVehiculo.h</itemPath>
      <itemPath>Vehiculo.h</itemPath>
      <itemPath>bibliotecas.h</itemPath>
    </logicalFolder>
    <logicalFolder name="ResourceFiles"
                   displayName="Resource Files"
                   projectFiles="true">
    </logicalFolder>
    <logicalFolder name="SourceFiles"
                   displayName="Source Files"
                   projectFiles="true">
      <itemPath>Camion.cpp</itemPath>
      <itemPath>Flota.cpp</itemPath>
      <itemPath>Furgon.cpp</itemPath>
      <itemPath>NPedido.cpp</itemPath>
      <itemPath>NVehiculo.cpp</itemPath>
      <itemPath>Vehiculo.cpp</itemPath>
      <itemPath>main.cpp</itemPath>
    </logicalFolder>
    <logicalFolder name="TestFiles"
                   displayName="Test Files"
                   projectFiles="false"
                   kind="TEST_LOGICAL_FOLDER">
    </logicalFolder>
    <logicalFolder name="ExternalFiles"
                   displayName="Important Files"
                   projectFiles="false"
                   kind="IMPORTANT_FILES_FOLDER">
      <itemPath>Makefile</itemPath>
    </logicalFolder>
    <itemPath>Pedidos3.csv</itemPath>
    <itemPath>Vehiculos.csv</itemPath>
  </logicalFolder>
  <projectmakefile>Makefile</projectmakefile>
  <confs>
    <conf name="Debug" type="1">
      <toolsSet>
        <compilerSet>default</compilerSet>
        <dependencyChecking>true</dependencyChecking>
        <rebuildPropChanged>false</rebuildPropChanged>
      </toolsSet>
      <compileType>
      </compileType>
      <item path="Camion.cpp" ex="false" tool="1" flavor2="0">
      </item>
      <item path="Camion.h" ex="false" tool="3" flavor2="0">
      </item>
      <item path="Flota.cpp" ex="false" tool="1" flavor2="0">
      </item>
      <item path="Flota.h" ex="false" tool="3" flavor2="0">
      </item>
      <item path="Furgon.cpp" ex="false" tool="1" flavor2="0">
      </item>
      <item path="Furgon.h" ex="false" tool="3" flavor2="0">
      </item>
      <item path="NPedido.cpp" ex="false" tool="1" flavor2="0">
      </item>
      <item path="NPedido.h" ex="false" tool="3" flavor2="0">
      </item>
      <item path="NVehiculo.cpp" ex="false" tool="1" flavor2="0">
      </item>
      <item path="NVehiculo.h" ex="false" tool="3" flavor2="0">
      </item>
      <item path="Pedidos3.csv" ex="false" tool="3" flavor2="0">
      </item>
      <item path="Vehiculo.cpp" ex="false" tool="1" flavor2="0">
      </item>
      <item path="Vehiculo.h" ex="false" tool="3" flavor2="0">
      </item>
      <item path="Vehiculos.csv" ex="false" tool="3" flavor2="0">
      </item>
      <item path="bibliotecas.h" ex="false" tool="3" flavor2="0">
      </item>
      <item path="main.cpp" ex="false" tool="1" flavor2="0">
      </item>
    </conf>
    <conf name="Release" type="1">
      <toolsSet>
        <compilerSet>default</compilerSet>
        <dependencyChecking>true</dependencyChecking>
        <rebuildPropChanged>false</rebuildPropChanged>
      </toolsSet>
      <compileType>
        <cTool>
          <developmentMode>5</developmentMode>
        </cTool>
        <ccTool>
          <developmentMode>5</developmentMode>
        </ccTool>
        <fortranCompilerTool>
          <developmentMode>5</developmentMode>
        </fortranCompilerTool>
        <asmTool>
          <developmentMode>5</developmentMode>
        </asmTool>
      </compileType>
      <item path="Camion.cpp" ex="false" tool="1" flavor2="0">
      </item>
      <item path="Camion.h" ex="false" tool="3" flavor2="0">
      </item>
      <item path="Flota.cpp" ex="false" tool="1" flavor2="0">
      </item>
      <item path="Flota.h" ex="false" tool="3" flavor2="0">
      </item>
      <item path="Furgon.cpp" ex="false" tool="1" flavor2="0">
      </item>
      <item path="Furgon.h" ex="false" tool="3" flavor2="0">
      </item>
      <item path="NPedido.cpp" ex="false" tool="1" flavor2="0">
      </item>
      <item path="NPedido.h" ex="false" tool="3" flavor2="0">
      </item>
      <item path="NVehiculo.cpp" ex="false" tool="1" flavor2="0">
      </item>
      <item path="NVehiculo.h" ex="false" tool="3" flavor2="0">
      </item>
      <item path="Pedidos3.csv" ex="false" tool="3" flavor2="0">
      </item>
      <item path="Vehiculo.cpp" ex="false" tool="1" flavor2="0">
      </item>
      <item path="Vehiculo.h" ex="false" tool="3" flavor2="0">
      </item>
      <item path="Vehiculos.csv" ex="false" tool="3" flavor2="0">
      </item>
      <item path="bibliotecas.h" ex="false" tool="3" flavor2="0">
      </item>
      <item path="main.cpp" ex="false" tool="1" flavor2="0">
      </item>
    </conf>
  </confs>
</configurationDescriptor>
